{
  "Parameter 95% credible intervals": {
    "H1,L1": {
      "F0": [
        99.999968712954413, 
        99.999981450699309
      ], 
      "F1": [
        -1.140609679535838e-09, 
        -1.0393202425259696e-09
      ], 
      "PSI": [
        0.17596385256053271, 
        1.5680732829496067
      ], 
      "H0": [
        7.1640852186770864e-23, 
        1.7745029192085413e-22
      ], 
      "COSIOTA": [
        0.28860903829549733, 
        0.95727398895794125
      ], 
      "RA": [
        3.1403147774698481, 
        3.1430836235544355
      ], 
      "PHI0": [
        0.13866685665766532, 
        3.1199553797394568
      ]
    }, 
    "H1": {
      "F0": [
        99.999964508741513, 
        99.999981260946029
      ], 
      "F1": [
        -1.1469852422602246e-09, 
        -1.0094184533428361e-09
      ], 
      "PSI": [
        0.11289396566360659, 
        1.5696796984614338
      ], 
      "H0": [
        6.9745344608976222e-23, 
        2.1132612485652124e-22
      ], 
      "COSIOTA": [
        0.21757654835266871, 
        0.99622853932598288
      ], 
      "RA": [
        3.1400893916051342, 
        3.1428849952251028
      ], 
      "PHI0": [
        0.0073820219945418819, 
        2.9893766075399424
      ]
    }, 
    "L1": {
      "F0": [
        99.99996697333313, 
        99.999986623458426
      ], 
      "F1": [
        -1.2123318262535381e-09, 
        -1.0221052283160964e-09
      ], 
      "PSI": [
        0.036834699849494446, 
        1.5676353352429611
      ], 
      "H0": [
        6.411968715074134e-23, 
        1.8103492272348324e-22
      ], 
      "COSIOTA": [
        0.21348078979709842, 
        0.9972784631029179
      ], 
      "RA": [
        3.14027682069303, 
        3.1430532075840349
      ], 
      "PHI0": [
        0.1540778832109386, 
        3.128010694299213
      ]
    }
  }, 
  "Injected SNR": {
    "H1,L1": 11.1777135414, 
    "H1": 7.3104788948700765, 
    "L1": 8.4556595450181256
  }, 
  "Detectors": [
    "H1", 
    "L1", 
    "H1,L1"
  ], 
  "Heterodyne parameters": {
    "F0": 100.0, 
    "F1": -1e-09, 
    "P0": 0.01, 
    "DECJ": "00:00:00.0000", 
    "PEPOCH": 899942348.816, 
    "PEPOCH_ORIGINAL": 54660.0, 
    "RAJ": "12:00:00.0000", 
    "DEC_RAD": 0.0, 
    "FILE": "/home/sismp2/projects/testing/pp_roq/0010/pulsar.par", 
    "RA_RAD": 3.1415926535897931, 
    "PSRJ": "J0000+0000"
  }, 
  "Recovered SNR": {
    "H1,L1": 12.39719, 
    "H1": 8.2982984999999996, 
    "L1": 9.3732454999999995
  }, 
  "Noise evidence": {
    "H1,L1": 283293.95904261863, 
    "H1": 141624.66766651618, 
    "L1": 141669.29137610248
  }, 
  "Signal evidence": {
    "H1,L1": 283348.68312058237, 
    "H1": 141640.42320291436, 
    "L1": 141693.88008236236
  }, 
  "Injection parameters": {
    "H1": {
      "F0": 99.9999701369, 
      "F1": -1.06543178355e-09, 
      "P0": 0.010000002986310891, 
      "PSI": 1.04539898584, 
      "DECJ": "00:00:00.0000", 
      "PEPOCH": 899942348.816, 
      "PEPOCH_ORIGINAL": 54660.0, 
      "H0": 1.20120852293e-22, 
      "RAJ": "11:59:51.0854", 
      "DEC_RAD": 0.0, 
      "COSIOTA": 0.499639862634, 
      "FILE": "/home/sismp2/projects/testing/pp_roq/0010/inj_H1_pulsar.par", 
      "PHI0": 1.18921459834, 
      "RA_RAD": 3.1409443655835503, 
      "PSRJ": "J0000+0000"
    }, 
    "L1": {
      "F0": 99.9999701369, 
      "F1": -1.06543178355e-09, 
      "P0": 0.010000002986310891, 
      "PSI": 1.04539898584, 
      "DECJ": "00:00:00.0000", 
      "PEPOCH": 899942348.816, 
      "PEPOCH_ORIGINAL": 54660.0, 
      "H0": 1.20120852293e-22, 
      "RAJ": "11:59:51.0854", 
      "DEC_RAD": 0.0, 
      "COSIOTA": 0.499639862634, 
      "FILE": "/home/sismp2/projects/testing/pp_roq/0010/inj_L1_pulsar.par", 
      "PHI0": 1.18921459834, 
      "RA_RAD": 3.1409443655835503, 
      "PSRJ": "J0000+0000"
    }
  }, 
  "Injection credible intervals": {
    "H1,L1": {
      "F0": 79, 
      "F1": 70, 
      "PSI": 71, 
      "H0": 38, 
      "COSIOTA": 38, 
      "RA": 68, 
      "PHI0": 63
    }, 
    "H1": {
      "F0": 39, 
      "F1": 6, 
      "PSI": 39, 
      "H0": 9, 
      "COSIOTA": 31, 
      "RA": 59, 
      "PHI0": 31
    }, 
    "L1": {
      "F0": 85, 
      "F1": 68, 
      "PSI": 57, 
      "H0": 39, 
      "COSIOTA": 13, 
      "RA": 62, 
      "PHI0": 55
    }
  }, 
  "95% amplitude upper limits": {
    "H1,L1": 1.7458308413173082e-22, 
    "H1": 2.0540380267085041e-22, 
    "L1": 1.7745805350555992e-22
  }
}