{
  "Parameter 95% credible intervals": {
    "H1,L1": {
      "F0": [
        99.999971357723197, 
        100.00000539589379
      ], 
      "F1": [
        -1.1709148651387514e-09, 
        -8.7255645052778677e-10
      ], 
      "PSI": [
        0.0064206670483767797, 
        1.2863288904034178
      ], 
      "H0": [
        3.1821187097684553e-23, 
        1.2440734435882295e-22
      ], 
      "COSIOTA": [
        0.011648773633520723, 
        0.93590875687212383
      ], 
      "RA": [
        3.1402833290700127, 
        3.1430459333023064
      ], 
      "PHI0": [
        0.17599942031158833, 
        3.1395384925141872
      ]
    }, 
    "H1": {
      "F0": [
        99.999958477838234, 
        100.00022290678788
      ], 
      "F1": [
        -1.1844889259636354e-09, 
        -6.5547483359992076e-11
      ], 
      "PSI": [
        0.081553814177154474, 
        1.5257940649498576
      ], 
      "H0": [
        4.1629009128082586e-24, 
        1.6850302244376466e-22
      ], 
      "COSIOTA": [
        -0.80228855325798554, 
        0.99992528815741588
      ], 
      "RA": [
        3.1400064491591033, 
        3.1428776397213714
      ], 
      "PHI0": [
        0.026762566556613798, 
        2.9892658099746328
      ]
    }, 
    "L1": {
      "F0": [
        99.999972715196606, 
        100.00000319390809
      ], 
      "F1": [
        -1.1566967508870606e-09, 
        -8.6900589000144154e-10
      ], 
      "PSI": [
        0.00024528094335032891, 
        1.4782412418686119
      ], 
      "H0": [
        3.2601482234895225e-23, 
        1.2234753600620894e-22
      ], 
      "COSIOTA": [
        0.12564067801208978, 
        0.99955233418823397
      ], 
      "RA": [
        3.1402061437180779, 
        3.1429962637198834
      ], 
      "PHI0": [
        0.011796041233597634, 
        2.9848821214192838
      ]
    }
  }, 
  "Injected SNR": {
    "H1,L1": 7.87568627141, 
    "H1": 4.4458879307017591, 
    "L1": 6.5008087768612599
  }, 
  "Detectors": [
    "H1", 
    "L1", 
    "H1,L1"
  ], 
  "Heterodyne parameters": {
    "F0": 100.0, 
    "F1": -1e-09, 
    "P0": 0.01, 
    "DECJ": "00:00:00.0000", 
    "PEPOCH": 899942348.816, 
    "PEPOCH_ORIGINAL": 54660.0, 
    "RAJ": "12:00:00.0000", 
    "DEC_RAD": 0.0, 
    "FILE": "/home/sismp2/projects/testing/pp_roq/0000/pulsar.par", 
    "RA_RAD": 3.1415926535897931, 
    "PSRJ": "J0000+0000"
  }, 
  "Recovered SNR": {
    "H1,L1": 6.5205064999999998, 
    "H1": 6.465992, 
    "L1": 5.8261559999999992
  }, 
  "Noise evidence": {
    "H1,L1": 283336.37574568542, 
    "H1": 141668.91006287499, 
    "L1": 141667.46568281041
  }, 
  "Signal evidence": {
    "H1,L1": 283339.94842782244, 
    "H1": 141665.584973219, 
    "L1": 141668.51375284381
  }, 
  "Injection parameters": {
    "H1": {
      "F0": 99.9999916786, 
      "F1": -1.07263131727e-09, 
      "P0": 0.010000000832140069, 
      "PSI": 0.177895392665, 
      "DECJ": "00:00:00.0000", 
      "PEPOCH": 899942348.816, 
      "PEPOCH_ORIGINAL": 54660.0, 
      "H0": 1.27102822161e-22, 
      "RAJ": "11:59:52.4942", 
      "DEC_RAD": 0.0, 
      "COSIOTA": 0.196540916944, 
      "FILE": "/home/sismp2/projects/testing/pp_roq/0000/inj_H1_pulsar.par", 
      "PHI0": 2.67715486684, 
      "RA_RAD": 3.1410468164106424, 
      "PSRJ": "J0000+0000"
    }, 
    "L1": {
      "F0": 99.9999916786, 
      "F1": -1.07263131727e-09, 
      "P0": 0.010000000832140069, 
      "PSI": 0.177895392665, 
      "DECJ": "00:00:00.0000", 
      "PEPOCH": 899942348.816, 
      "PEPOCH_ORIGINAL": 54660.0, 
      "H0": 1.27102822161e-22, 
      "RAJ": "11:59:52.4942", 
      "DEC_RAD": 0.0, 
      "COSIOTA": 0.196540916944, 
      "FILE": "/home/sismp2/projects/testing/pp_roq/0000/inj_L1_pulsar.par", 
      "PHI0": 2.67715486684, 
      "RA_RAD": 3.1410468164106424, 
      "PSRJ": "J0000+0000"
    }
  }, 
  "Injection credible intervals": {
    "H1,L1": {
      "F0": 55, 
      "F1": 68, 
      "PSI": 54, 
      "H0": 97, 
      "COSIOTA": 10, 
      "RA": 52, 
      "PHI0": 69
    }, 
    "H1": {
      "F0": 87, 
      "F1": 91, 
      "PSI": 91, 
      "H0": 55, 
      "COSIOTA": 36, 
      "RA": 38, 
      "PHI0": 2
    }, 
    "L1": {
      "F0": 48, 
      "F1": 67, 
      "PSI": 31, 
      "H0": 97, 
      "COSIOTA": 91, 
      "RA": 58, 
      "PHI0": 11
    }
  }, 
  "95% amplitude upper limits": {
    "H1,L1": 1.204826377104509e-22, 
    "H1": 1.6501830205980884e-22, 
    "L1": 1.1902532322605252e-22
  }
}